-- MySqlBackup.NET dump 1.5.1 beta
-- Dump time: 2017-03-25 17:47:49
-- ------------------------------------------------------
-- Server version	5.7.17-log MySQL Community Server (GPL)


/*!40101 SET @OLD_CHARACTER_SET_CLIENT=@@CHARACTER_SET_CLIENT */;
/*!40101 SET @OLD_CHARACTER_SET_RESULTS=@@CHARACTER_SET_RESULTS */;
/*!40101 SET @OLD_COLLATION_CONNECTION=@@COLLATION_CONNECTION */;
/*!40101 SET NAMES utf8 */;
/*!40103 SET @OLD_TIME_ZONE=@@TIME_ZONE */;
/*!40103 SET TIME_ZONE='+00:00' */;
/*!40014 SET @OLD_UNIQUE_CHECKS=@@UNIQUE_CHECKS, UNIQUE_CHECKS=0 */;
/*!40014 SET @OLD_FOREIGN_KEY_CHECKS=@@FOREIGN_KEY_CHECKS, FOREIGN_KEY_CHECKS=0 */;
/*!40101 SET @OLD_SQL_MODE=@@SQL_MODE, SQL_MODE='NO_AUTO_VALUE_ON_ZERO' */;
/*!40111 SET @OLD_SQL_NOTES=@@SQL_NOTES, SQL_NOTES=0 */;


--
-- Definition of table `__migrationhistory`
--

DROP TABLE IF EXISTS `__migrationhistory`;
CREATE TABLE IF NOT EXISTS `__migrationhistory` (
  `MigrationId` varchar(150) NOT NULL,
  `ContextKey` varchar(300) NOT NULL,
  `Model` longblob NOT NULL,
  `ProductVersion` varchar(32) NOT NULL,
  PRIMARY KEY (`MigrationId`)
) ENGINE=InnoDB DEFAULT CHARSET=utf8;

--
-- Dumping data for table `__migrationhistory`
--

/*!40000 ALTER TABLE `__migrationhistory` DISABLE KEYS */;
INSERT INTO `__migrationhistory` (`MigrationId`,`ContextKey`,`Model`,`ProductVersion`) VALUES
('201703150141213_InitialModels','VetTrainer.Migrations.Configuration',0x1F8B0800000000000400ED3DD96E1CC991EF06F61F1AFD68C86C6A647B6705D20687940C61CD91205282F789287627A982ABABDA55D55A110B7F991FF693F61736ABB28E3C22F2AAB3C9C66066D89599917165E4111199FFF7AFFF3DFBF38F6DB4F84ED22C4CE2F3E5EB93D3E582C4EB6413C68FE7CB7DFEF0BB9F977FFED3BFFDE6ECDD66FB63F1B5AEF7A6A8475BC6D9F9F25B9EEFDEAE56D9FA1BD906D9C9365CA749963CE427EB64BB0A36C9EAA7D3D3FF58BD7EBD2214C492C25A2CCE3EEFE33CDC92F207FD7999C46BB2CBF741749D6C489455DF69C94D0975F16BB025D92E5893F3E55792DFA6411893F484555E2E2EA230A088DC90E861B908E238C9839CA2F9F64B466EF234891F6F76F44310DD3EED08ADF7104419A9D07FDB56B7A5E4F4A7829255DBB006B5DE6779B27504F8FA4DC59A95DCDC8BC1CB86759479EF2893F3A782EA9281E7CB8B38889EB290B24CEEECED6594161501FE9ED4AD5E2DDAB2578D2E509529FE79B5B8DC47F93E25E731D9E76910BD5A7CDADF47E1FA3FC9D36DF277129FC7FB28E2D1A308D232E103FDF4294D7624CD9F3E93870AE90F9BE56225B65BC90D9B665C1B46CE87387FF3D372F12BED3CB88F48237D8EF49B3C49C95F08A52AC8C9E65390E7248D0B18A4E49FD2BBD457F1DFBA37AA6E74E02C17D7C18FBF92F831FF76BEFCFD1F968BF7E10FB2A93F54087C89433ACC689B3CDD1300417DA717DB840EA1BADB2BB20EB741B45C7C4AE95FD550FE79B9B859070544887E09FCAFC1F7F0B16487D4D1559891202397F4DFDBE09E6ACE671295F5B26FE18E8DB913B1CE1DD31742EBBE4F93EDE72452C03455EE6E83F491147424FA7A37C93E5D4B689FAD5A05D7AABD08D44DF9C5B6C72100F7156FC80FCD18A07F0E310838D998A9B555F8567BFBD5F45A834D9A5E8F088F016A42F94E19CC20DA7235DD2055EA4203558B7EBA7FB4E27555116574596EE232ABE4CAE24FE1BA18D65668B675514CEB2A26649B7AAEF8DE921FB915B2554514D3B2DC8426ABE48AE3D77043122B24EB9A2896AC8209CDAA1684A7CF44E23D8B1CA710B0AF495651542CEB34DCB1D536DAF79BD3D353ABDE6D75FFF25BA184466B5D57838D342BD5697D5DA5C38C62B3E4F39D55749863339023095ADCF94E20A485726C0E142B755AA5D6E276B12BACCDD1A4CCC7A4F4BD3193159B4C62B15C169956664BB7A4942C5B9799DA6B963E0EA7F90CA74A2445AFFD6DF144C3DFD70C81CC67F034E2886A41B70ED3A2FCAE9DF4144C85726CF08995FA187E0C6D8F2158141F87E184C3B0D3CACA4D1B917103ABAC9F36D25DBFA31AD21647FD9B50FFE41398345C93799E76DB9D4B19CEB9C5C32B2F25AF4E8BDCF4BC6A7454F5F9A8FA9734EA63653FAB7D85D45939A8C8E6320A692B45A0B6635580028E5456041EC94A45CAF894CB5D8FB52BE43CEC89CB01B2C1AA74C5FE439C51716EE96081316FCB41AC81620563A88E27B69F3F7D26EB24DDC0B8D6A520A64AA182A75AA3DB594FA5B44E673D659BA3A99E8FA91ED5687E4AB2B0E8E96FF6CB203B80FFE50D101D9126C3515957A19A629BB952658F0054E9D5A9E7307320A8793BEF0A288809A325770CBC68BDB8EFAAE1E20B5D2D2BEE48ACA8541C88FC778C35BD3B0C2BB8AAA35028C0D0E9C331D82AA29B4D6FDB1DEDFA0BB5EBA526F4B4E8B77640D646A40FDB8C2C9D21F3DD8B6DF65875CA235FB732ED6E1B39E88A7D94CB74A8F56E2739D8AAAD540A75A8F561330BF2DCAC65D1E26827E763272F933827ADB3F3D91C18E8573588BD1387F3F0E70476B15B8613824E483B1C0F98EDA0E6600047D2DAD694F6CACDD8944D8ED6663ED6669835D20B3A0735ED8F10C326AD0686B76CB6019F06DBD60D6F07E366B396D298B76E785A9E7AAA384A45F889A7063F6BFB5B037333C175AB89AC70C107D5128355DB21EC6AB6EB4E9C225BC0ED5C572813859669EC56A382751D407B2B2325EF55E4F25E4F071D7D09286E9DCE08F598B11A0056E579208A5159DAE38ED3C1FEA038F5B1D764EC70B23DB4C571F507F6F5FCCFE40AE1D3C139A35339ABB37F6508418E01AFF1F32523A9DBF8295A1CC7CF7CC6CFA720CBFEBB5C81A11DFF7190C8928B7DFE2D494BB6543D17FA5CA80757E208F34346559C6CC9F69EA4D70D2F7F49A8BE07B1011AAEF3FBADA4F11C821FB2F751F0D85E1EE03A141A507D8C092A910D49A3272A405E6745965D97DC11C6EFD720DAD31FA70A7B85BA179B6D1837955FEB2BDFECA95CC4163FA9FC669CE53F5E6459B20E4BD681A1776D6AADD8F9BB78B3B0CCB36D954DCEFFBEA64C0E7794AD541EE7CBDF2A149A3B69364B6D2717CDDD0A5AF0672B8E746B8ED4491516782A8961201F642C55316B8103F4D7691F26B8D44E93B4309441749914BB603A1472D5A887F13ADC0591913EA9A5E58450C8A1E9432EB9223B1217B6DC48BF7FE74D1FD23C65E28EA7FAC8A73036A246F3F57A552834D7DC7FF876D63084F291550DE18C0D16D2C50853AA9F984363D00824A14651050F138E64735AE97267132E2644183045B223144C59728DF3A84352813C78DC659C81448E37C04026388CAC3A1F6D6AC3DE262058AE60A45B3206582349F90E5C0F65164E5F230B8A02C130D48684B408F2415CF6E46BA39C5BE04D7AC6000C60DE550B04A590931E49979CB82D6416E5D117D1F2893086197A3CDC22D6BA24EC09C64E95F9657075542DDB65D9507C8CAF484472B2B858E765A42D1D3FEB60A36E7DE9F669D383DD45501FC1E422B2B0E91973AB8C6468D5737EA362E8EC4B278D1BD5B608A78D286AE0D123476E79E6EE402A18C66C1A593DD8921251A30044C7494F5215FC2D06DECDC886F0688F69417819D8F48B7A7047B51E95EFCBA80CB223AC271D93FDFB2DD82A2A6A80158981644DAC698F6B92D1080742A631F474B92D8EA6CE0417A0DB9AA5EEC41BA748346FC644F6E9C9896E5B8B6672BACE8FBE5611216C04BB88906E6519E5D0B3494CA4106F6B1030BA77E9A2355DB62D1DF545A0673C6511283E384D31CC2B48BE573FBAD26D3AE9A82D2249E3A98B48F4E1E80B96546F7988A59BA57A3B291B754B07660F58228A9ADEDE5831D2F1111C686C89236E557A63C3402B5616F05064EB94610775D81EC92F76BBAB5FCA2C1E3015EB0BC58C85356455F0874C4701F786E475E440731D761B62A178C7155E88309478710594CC6D7B8006684650CCF90B41A99DDF76B868F0B005510A0507C37C432650ECE622154679506F68DC86BE2AED1BDB6562671DCEA6B2B39AA60D0084187D0508BFD93100AAD2931410CCFA181AD7A1AD4AEB6ACC1A9A7301FC0A8476DF6F02C22E0D500194E74886C6457010D498050D498D3913830D5AEE5A7CAEB6E1067D7991601FE8D39003180F65ED611FDAC3816DE991CFD5446EB871AAB92855CB2430F20723448EFD815963CD1739DA8703D798C25E39A2C84FCF1A6D540B4A1416D7D2955958248BBD7EFA734FBAA914659B261A03A20B8EC75009B262121C8161C9757FD688B117386B34311A10357094864A4D35519BD903C76558F0BADB98E3AE30341A6B20D2406752C558837ECCB4185DC0C3643474660D78BB84CA1963F8017628ADEC2C391A84F58C8627BA90030E5C8B7F9F5CA9D64A5A9600BB4B8C00716FD98D19E22E928355E1DC990D4A429ACA056D8402ECA091621438BCB9B5A186035854023F5DD74BEDFE58A01B1D06C7398CBD6E64383262A4512126E5006C40DDE822DA90239D279E2DEE758443AEF361C5CF76161AD1AB5E755856825FDD5FE48227DDC4BC2E84D7DB3D0DE9D0B99295CBD79F7CE9E4880354E3DBE71C80F3C0E003B6F402779B0646E005744996CA0C935FD8D6336C1EC9B6BE603BC6FA33443729681DC556AE623F3E8C3419887707A1E49B9646A0B7D38FF0C19743D2BD2228CD464B00FBEDFCA81E61F4A337361B775016CA6FF244F5B38F1A6950C0775619D9641A245AFF543F0C1A7CF02097DE1879631C4C7AB7553FDCE97190D5F9B88D7BAA293B5BB1D7BFAB0F672BE499F0B3EB60B70BE347EED9F0EACBE286BD197EF9BB1BF7D7B4B70CC64A5CBBCBCEB4A6A73C49834722951677E46DC8FB30CDF2AB200FEE4B0FCFE566AB54939D71C8897DDD9BE46F53E5561FE5D70D8ABF1BB71FF2BE37E0DEAF9ABFA7A4152B85924AA29C8C434D17C5DBED4114A440A2FD6512EDB731FB1D021102786B963ACFB78FCB2FF610EAF7D9781841F54D8572B69238A0C43228AC96F45E169D9560CD07DB2EF2951CA6EE5236011846D6D5A3D20200F6C91E869408C9C3DAD0A2BB75712E0DA335BDE87B947B37A11FCEE8BEE21F7415A44DB2DD8CA45CBBCFBA0918760D5AC8166B3857B1BA196D5439C8612887C609E531FCFD87FEE1E8879495AB98F9BCF0ADCDD1CC33EF602F722E437EBC650DB79E5ADE530907F1733A49A508A2F21007D86C6A396010AA67F978103BF66936B2D49CB8B888B38E69739728DA72AE422D6FBDE301EC8B0F034EB3182025929C07B666A77DB332EAB8ABCF6955073A8E6D567548C3B92A5A6F8AC23D8D2598A224BB73DA2D722F62C970944BFD989A4CA2667A7F928BAA7121B2EEEAA66BFCEC55AE7DB58787B22DBEDE21F672226DC1CED25DF4E4563992B4D210B8D95C75A379CD449866EA8FCF78DA423D0A2E2AC282DDDD750469375725392E8E7CB5AC0D68E9A6684D4E84BBAEE14D512E571748F0CC4D8B482337BDF390D2A11F62B1B8AB8EA20642C86CC40C369BAB45E9CF2224EDA5E58ABEEEA8A2CD6B5DC2B28EBA294899A1E4AE2070B3B92A487B73B7B02969BE3A1CA3B7F7590B27E9ED6707EF9C7405B7C0A1EC2E4FEED2AA740A9D13A30D74CE552E59CDDE87CA35D2FB4A31FF78115981BB2AA13437958556CADA7A39730A1452DDF272A81A8A3F9AE80D01566806159F1C3194C34A7C75414A9FB25004A905A2051A1F2ACE5A30E9AA8BF8FB933A98C2D55933A791B994FCE430F8AB16FA910F1DE49B8793903235D3212FA460F9E248618C2D7730B3CBEE748C6B809F822107FD004335E9609EFC0C0B887DC85A935AE689DA0ED9E28C23E92A5AD352CC556D5CC6D089969E8B866B9E2693AEE11E282BBC8A48C5B1650BE49FD99C166846705DC57EFCA2296B967C743C55E8E94CC15157D064BAC3B103627E9EE9A4A1AD091D28E0E99C8070E56C3E4F96A13AE12A4A203DD013252FFDEA6FD0D7D1E55643BEAE8C0D78F0E85937124C97B03D83C16EBAEFCD4A49BE1740269CF46DB404A88E4FFBB69A826634CE68E23F5C09434997E6400AB13E1C3381BBB2015EE2899A63DA545BD4BAC9D94701FBDEA0DB2DF4D046FA6DBAFDA2CF909737D3CDFAE12EDEE0D4410715403673622DCB0D9D2EE170A6923FD40D1E9217E920786C3E17ABD9CEE9DA74CA99CA7EC673BC92EE2957695C43D597E67793EE59A55A0A39A02551454667494C56A57DCAB997ACCA7241712FA84BCF97D74F37FF884E8AF293F24F3A8396E13E758DEB200E1F4896B3D757977F38F9F7E5E2220A838C25E75659A56FE5AB53ADD24C5FBF29D24CC966BB929BBB27AB1650B26C23BC97CC39536B0720E88EB27B55595504F3ABCA61F3DC705830D5F86EB2E333C0CC93CA3A88BF07E9FA5B902A4F293BC2ACD38A18D40D5987DB202AF481FE553ED5BB7CFD33A5840E20523E75EBF9D6B024185D86E5C18AA7CAD6643D44091549799DAA2314D14FC4A1AB5C575C268C9E2FFFA76CF876F1E16F777CDB578B8F291DD06F17A78B7F0E20B66722B32186140B64D1C07C737A7ACA4365EF8C7B49047C27792C615868A4AC878720BF5E4DE2B4EA0166361E07AB6C6E9B7C490F735BB51DD0DCAAB98A2F5882F6CC5302125E30D7549855DEE2B8CB3EF0F4E928160E6619B3EA30378C35E3A840B9535C37ABD934C44C6697E510F44CEE51BF0656852AF1D0DD96D8027FEA07B8B51A61FE91A32A0DAD4A5C46E1382B64F540FC2864DECAD7F9802F61F6008EC88FCAD0617162A3082F676D0267E3D929181E19A5D645DDEB669D6CBA71E35AD5CC610B3CA6C866772803BCBF7EB432035B043129701C39AB69774739F30BFB26A34F03F78FEEBB5D2EBD8FE388AB2F474AE96390EE93241AC605D6C55369E15D571B0578069A59DBD41E7DFD54AC7D27D32D50E28607D774C0F3DB8E5E333CA74DA70ADE62F59466D7F9F730BC9E60A2DB80A314C91B3BB011DA50E188036B3684480D596C96F3341E2CAA5686230A2D26F6A61347C76BD5AE93E0765E2BF29DEB72DC436CDEC7362E3243C201672EB4066BB7BEAB6643884D9B7136E206B8D781D96DAFDCD3B6D57BD78CA3F1FA19D8092C81ED78D832C1618BB399F03E861DCE4860B1C14733E18246CB45372CEA76C32E29FC4FFF5DD614FE9A34E9A2628EA2D3E7B2D9C9CECD0C6092360B6FE2E3ED1175C7735BDD616DE8B5B3F65DF6CD6A633DB7759729D76C40797AEFD56625D0F9EDDD8C496403CAD47FAE9C955067307772596AA05CF5D7EFA1EF22D61401EF362E17D7FB280F7751B8A6F89C2F5F2BA9871FE32B12919C2C2ED62C858CB65C071B959D45F69D1D3E8D1705C7ABAD22E2F75BA55BAA87242DFC6541749914F36010AAF7367E4AC3781DEE8208E68F54DDD2DD57D0DC00964BAEC88EC4851F4FCF019B9E6DD2329BEE249998B8236446FAA92294CEC9891E143626DE17A27E4EE29F4EF134CEC7F175EE0ECCA102658C0956D536599ADCB3CDAC371E52FD4904727A72A2C2E96A94C6500CF4993EDB9E4696BFF6F5D1E114C17B2AED7FAA1ADF5C38CE4F53EB89F98E5A55B09044C79D960C0AABD1DB7E556C44F572556ACD85C153699761D9E365855E82968D6CC8BC346D16C6AC9051AD72C6D9AE4C3E05C4CABE3BCF763646B15FB528111D4F2DEC75217F421E699D62D3855FC47D309BFF32300BC789153FCB4D3FF2F6EAA16CF8F10BD679592BD205E4F9DCF5CC56CE1369177EC9FD084A657BC93C2757CE75C8CB93FF3C8A7EA9D188303A4DE920DAA57D1CB3771D33BE230077AAB99F73221D33D82D48A2881C9FB5763949790AD5C2AFFC1C57B1F0BB36676DB94A672F8C0B2B7A56360B792076CE060BBF1F9593A722454876CF5497EC653ABA1669EEA51D41899ACBF2C1905ACEB3C18A05CF46F56914056A12AC790CDA8F83280DFA787DEF6AA37907D62DAC6D5495B15D8A3BC96E60FD8196494AD920DAE42463DDA31A8E1AE1AC842E0BAB1EF19C447367BFC09F5E6F475CDCFB68E0A44B7BE3FB48BC248B9B2104F1951FC6D1A2366746C6009EC5FBB279F0A3D7FD2B0EFAA8959BD51A5F690C0668F265D7448A33E2D2CB4D756633850117CDCCC4D64CB0521FCDCEF4B2861B5751348F7CCC748DCE02D12144AA9297BD3E071F7B794EAB73CD8B2F9CB6A85A026AC7B3D4557B15185DE7742FED8C7B286A67F8E677DAAEAA9452F6ACCEDB1D94793607EE8760A2A6D7A8D1CC948F324D6CA82C5FDE9CD15E5049C95631C1ADE6C1ED0B4D8FA9CE720965F966EA0CA7BF3928D7B813A097824D3C0356FAD53C48DBD9548179505EE7EF0767605C0EB9676257D82BB4430BDD2A4EE1E0C46D1D0F301359570FCF0E2D6CCB25F2C189DB7E1D3AB5BC5DDE023F987C0168E2406A3CCBAC0197C9659E890387E3A29F97E68DE8AEF757B9499DF6E0DBF2076DED94151354FC2CED9CF5AA6A9E466EF671BB73D1B3B1E2773DB56BDA185E49A9ECFC1EF3B668EAB6002C7F9636CD7EEB304FA37608BE91F968DB683E125F251BD54FF2AEBCE18EB6C9690B92D64712C986BC0FD32CBF0AA8A22B89F855AB1B9257F5DB8BB8DE3537E6297788DDACBF916D4007D17D21FAEA41A8FBEAD918920167166227B29554BA922B201D0A83D8A5577D97E6FE8C7DD5575729DDD405480FEBB2D89A83381D5A1A020721B10B2DB06E58A98E5D7959C3D457991CAE76527EC6A017E9F146C8CD8E5101DE9420F0E946CB0CBE3EB853E55C1560726631AC46F8BCE346E9832F44FA095B7796B12FB606557A619F11F87979AC6D825C4D020AE8EA3B02FB3B3B4635016F23ED14F86D11D24519E5B58B82A7BBB4AC68D15B190DAAF6547ED6F462865C3E8BA742669F11C87B5AE86A6E35161EAB08F59E9287BBCDBA583C054D3D3B3CACECB0D11C97FD170666B3766400666C804A7AC237651DEB118C9B22A00ED633F362EE4233D17272A8A6577C88B75DE6651DCBB18893AAD4C07A4D7774485A11CA47D4830353678BCBAE0A2BB0AE2A5952889934A95C4FDD7756C95A9058A74A0DBD28EDBA5523079049CE340D151DD79E9AA2AAE370C57509A9A71FB4361A059DCD187AD70F21D6B5D51002B74F86CE0D5267BDC352E73613180ECA25D80BAE11888FFEDA6CED594AC30EB548D9436150E4190E807681CD592B91211D98556DE21D98056DFB053241C23052E6C8A0FA4E613D53C09B873172301AB4EC10B76765D3FA53AFE48A3CCD4C74CBD5876380F7B0F3670878572CCE10F3D5B210411025368C30F053C3D6BE18623417E6DB5087D0902918235EC4897344736127440A7F92C1D3700B9C50F8EA56F7F943B871D23C79E017540E3ECDF2FB2800D215B43BEA893DD6732B7E87A24898420A80FCE4ACD05CE50770C2F6E23F812C75B95F92C37FD63005DDEB4A409AD24158822B87ED3D75025110290801F361861099A1E7041EC4318866F0BB2909C22DB43FEA810D560A81C7130011051CFA10D293912E5F490590ACBDB54A5C240B672A6C910C1E9208ADE4E3D8B25DFBB13F122D4CA0DD754BFEE8832DA1D1AE940DC0065CCBEDEEEEE9C5E88DCC8444BD4306A21FA8A621813BE16778971F74442B07904D3B78C0742555236AD305297D8CF031C815EEEAD0E934747F4537698E65C0C460231D8D9AB0A49E8D9770DE2834FF0A1E1F7627DFC26C69A262A0B8180E7910E9890847D3EBF5EB125BD9F7B53E5319A1940DC00AAB25DA907A302E03F00C66800396E9CE3D5876CCE5C3B5C7F5A91F36E08A6099A0DBE3A098881D4D8A28CE04388BB4070D7058F7F913C8722171EA805CC91E48B3DAB9F9135525FDE1544159813D906569ECBA9FBC59ECB75CF2E1063F9E845419A93118ABACCF2987DF99CD8639A6A329EB1CA3C13548B11850F130ECB1569CC18EAD66C00AE332D93E7B63705D51CD30583E108BACD565C825F4B00CA99F706F02DC9BB2B3150B7CA93ED09F7992068FE43AD990282BBF9EAD3EEF69EB2D7BFCFDEC8A64E1630BE28CC28CC95A08A86FEA7C881F923AB25FC2A8AE22BD6B7F4DF26013E4C1459A870FC13AA7C56B926561FCB85C7C0DA23DADF26E7B4F361FE28FFB7CB7CF29C9647B1F3DF1CC28F20374FD9FAD149CCF3EEE8A5F591F245034434A02F918FFB20FA34D83F7FB20927D9E188822F1E02F847E67B2CCE9FFC9E35303E9D724B60454B1AFC997B825DB5D4481651FE39BE03BF1C1ED4B46FE4A1E83F513FD5E8445A53810B32044B69F5D85C1631A6CB30A46DB9EFEA43ABCD9FEF8D3FF03F72BB0B6706D0100,'6.1.3-40302');
/*!40000 ALTER TABLE `__migrationhistory` ENABLE KEYS */;


--
-- Definition of table `ref_clinic_instr`
--

DROP TABLE IF EXISTS `ref_clinic_instr`;
CREATE TABLE IF NOT EXISTS `ref_clinic_instr` (
  `clinic_id` int(11) NOT NULL,
  `instr_id` int(11) NOT NULL,
  PRIMARY KEY (`clinic_id`,`instr_id`),
  KEY `IX_clinic_id` (`clinic_id`) USING HASH,
  KEY `IX_instr_id` (`instr_id`) USING HASH,
  CONSTRAINT `FK_ref_clinic_instr_tb_clinics_clinic_id` FOREIGN KEY (`clinic_id`) REFERENCES `tb_clinics` (`id`) ON DELETE CASCADE ON UPDATE CASCADE,
  CONSTRAINT `FK_ref_clinic_instr_tb_instruments_instr_id` FOREIGN KEY (`instr_id`) REFERENCES `tb_instruments` (`id`) ON DELETE CASCADE ON UPDATE CASCADE
) ENGINE=InnoDB DEFAULT CHARSET=utf8;

--
-- Dumping data for table `ref_clinic_instr`
--

/*!40000 ALTER TABLE `ref_clinic_instr` DISABLE KEYS */;
INSERT INTO `ref_clinic_instr` (`clinic_id`,`instr_id`) VALUES
(1,1),
(1,2),
(1,5),
(2,3);
/*!40000 ALTER TABLE `ref_clinic_instr` ENABLE KEYS */;


--
-- Definition of table `ref_dctab_analysis`
--

DROP TABLE IF EXISTS `ref_dctab_analysis`;
CREATE TABLE IF NOT EXISTS `ref_dctab_analysis` (
  `dise_case_tab_id` int(11) NOT NULL,
  `analysis_id` int(11) NOT NULL,
  PRIMARY KEY (`dise_case_tab_id`,`analysis_id`),
  KEY `IX_dise_case_tab_id` (`dise_case_tab_id`) USING HASH,
  KEY `IX_analysis_id` (`analysis_id`) USING HASH,
  CONSTRAINT `FK_ref_dctab_analysis_tb_analyses_analysis_id` FOREIGN KEY (`analysis_id`) REFERENCES `tb_analyses` (`id`) ON DELETE CASCADE ON UPDATE CASCADE,
  CONSTRAINT `FK_ref_dctab_analysis_tb_dise_case_tab_dise_case_tab_id` FOREIGN KEY (`dise_case_tab_id`) REFERENCES `tb_dise_case_tab` (`id`) ON DELETE CASCADE ON UPDATE CASCADE
) ENGINE=InnoDB DEFAULT CHARSET=utf8;

--
-- Dumping data for table `ref_dctab_analysis`
--

/*!40000 ALTER TABLE `ref_dctab_analysis` DISABLE KEYS */;
INSERT INTO `ref_dctab_analysis` (`dise_case_tab_id`,`analysis_id`) VALUES
(2,1),
(6,1),
(6,2),
(7,1),
(10,4);
/*!40000 ALTER TABLE `ref_dctab_analysis` ENABLE KEYS */;


--
-- Definition of table `ref_dctab_drug`
--

DROP TABLE IF EXISTS `ref_dctab_drug`;
CREATE TABLE IF NOT EXISTS `ref_dctab_drug` (
  `dise_case_tab_id` int(11) NOT NULL,
  `drug_id` int(11) NOT NULL,
  PRIMARY KEY (`dise_case_tab_id`,`drug_id`),
  KEY `IX_dise_case_tab_id` (`dise_case_tab_id`) USING HASH,
  KEY `IX_drug_id` (`drug_id`) USING HASH,
  CONSTRAINT `FK_ref_dctab_drug_tb_dise_case_tab_dise_case_tab_id` FOREIGN KEY (`dise_case_tab_id`) REFERENCES `tb_dise_case_tab` (`id`) ON DELETE CASCADE ON UPDATE CASCADE,
  CONSTRAINT `FK_ref_dctab_drug_tb_drugs_drug_id` FOREIGN KEY (`drug_id`) REFERENCES `tb_drugs` (`id`) ON DELETE CASCADE ON UPDATE CASCADE
) ENGINE=InnoDB DEFAULT CHARSET=utf8;

--
-- Dumping data for table `ref_dctab_drug`
--

/*!40000 ALTER TABLE `ref_dctab_drug` DISABLE KEYS */;
INSERT INTO `ref_dctab_drug` (`dise_case_tab_id`,`drug_id`) VALUES
(2,1),
(2,2),
(2,3),
(8,4);
/*!40000 ALTER TABLE `ref_dctab_drug` ENABLE KEYS */;


--
-- Definition of table `ref_dctab_pic`
--

DROP TABLE IF EXISTS `ref_dctab_pic`;
CREATE TABLE IF NOT EXISTS `ref_dctab_pic` (
  `dise_case_tab_id` int(11) NOT NULL,
  `pic_id` int(11) NOT NULL,
  PRIMARY KEY (`dise_case_tab_id`,`pic_id`),
  KEY `IX_dise_case_tab_id` (`dise_case_tab_id`) USING HASH,
  KEY `IX_pic_id` (`pic_id`) USING HASH,
  CONSTRAINT `FK_ref_dctab_pic_tb_dise_case_tab_dise_case_tab_id` FOREIGN KEY (`dise_case_tab_id`) REFERENCES `tb_dise_case_tab` (`id`) ON DELETE CASCADE ON UPDATE CASCADE,
  CONSTRAINT `FK_ref_dctab_pic_tb_pics_pic_id` FOREIGN KEY (`pic_id`) REFERENCES `tb_pics` (`id`) ON DELETE CASCADE ON UPDATE CASCADE
) ENGINE=InnoDB DEFAULT CHARSET=utf8;

--
-- Dumping data for table `ref_dctab_pic`
--

/*!40000 ALTER TABLE `ref_dctab_pic` DISABLE KEYS */;
INSERT INTO `ref_dctab_pic` (`dise_case_tab_id`,`pic_id`) VALUES
(2,1),
(2,2);
/*!40000 ALTER TABLE `ref_dctab_pic` ENABLE KEYS */;


--
-- Definition of table `ref_dctab_text`
--

DROP TABLE IF EXISTS `ref_dctab_text`;
CREATE TABLE IF NOT EXISTS `ref_dctab_text` (
  `dise_case_tab_id` int(11) NOT NULL,
  `text_id` int(11) NOT NULL,
  PRIMARY KEY (`dise_case_tab_id`,`text_id`),
  KEY `IX_dise_case_tab_id` (`dise_case_tab_id`) USING HASH,
  KEY `IX_text_id` (`text_id`) USING HASH,
  CONSTRAINT `FK_ref_dctab_text_tb_dise_case_tab_dise_case_tab_id` FOREIGN KEY (`dise_case_tab_id`) REFERENCES `tb_dise_case_tab` (`id`) ON DELETE CASCADE ON UPDATE CASCADE,
  CONSTRAINT `FK_ref_dctab_text_tb_texts_text_id` FOREIGN KEY (`text_id`) REFERENCES `tb_texts` (`id`) ON DELETE CASCADE ON UPDATE CASCADE
) ENGINE=InnoDB DEFAULT CHARSET=utf8;

--
-- Dumping data for table `ref_dctab_text`
--

/*!40000 ALTER TABLE `ref_dctab_text` DISABLE KEYS */;
INSERT INTO `ref_dctab_text` (`dise_case_tab_id`,`text_id`) VALUES
(3,3),
(7,3);
/*!40000 ALTER TABLE `ref_dctab_text` ENABLE KEYS */;


--
-- Definition of table `ref_dctab_video`
--

DROP TABLE IF EXISTS `ref_dctab_video`;
CREATE TABLE IF NOT EXISTS `ref_dctab_video` (
  `dise_case_tab_id` int(11) NOT NULL,
  `video_id` int(11) NOT NULL,
  PRIMARY KEY (`dise_case_tab_id`,`video_id`),
  KEY `IX_dise_case_tab_id` (`dise_case_tab_id`) USING HASH,
  KEY `IX_video_id` (`video_id`) USING HASH,
  CONSTRAINT `FK_ref_dctab_video_tb_dise_case_tab_dise_case_tab_id` FOREIGN KEY (`dise_case_tab_id`) REFERENCES `tb_dise_case_tab` (`id`) ON DELETE CASCADE ON UPDATE CASCADE,
  CONSTRAINT `FK_ref_dctab_video_tb_videos_video_id` FOREIGN KEY (`video_id`) REFERENCES `tb_videos` (`id`) ON DELETE CASCADE ON UPDATE CASCADE
) ENGINE=InnoDB DEFAULT CHARSET=utf8;

--
-- Dumping data for table `ref_dctab_video`
--

/*!40000 ALTER TABLE `ref_dctab_video` DISABLE KEYS */;
INSERT INTO `ref_dctab_video` (`dise_case_tab_id`,`video_id`) VALUES
(4,1),
(9,3);
/*!40000 ALTER TABLE `ref_dctab_video` ENABLE KEYS */;


--
-- Definition of table `ref_dise_dc`
--

DROP TABLE IF EXISTS `ref_dise_dc`;
CREATE TABLE IF NOT EXISTS `ref_dise_dc` (
  `dise_id` int(11) NOT NULL,
  `dise_case_id` int(11) NOT NULL,
  PRIMARY KEY (`dise_id`,`dise_case_id`),
  KEY `IX_dise_id` (`dise_id`) USING HASH,
  KEY `IX_dise_case_id` (`dise_case_id`) USING HASH,
  CONSTRAINT `FK_ref_dise_dc_tb_dise_case_dise_case_id` FOREIGN KEY (`dise_case_id`) REFERENCES `tb_dise_case` (`id`) ON DELETE CASCADE ON UPDATE CASCADE,
  CONSTRAINT `FK_ref_dise_dc_tb_diseases_dise_id` FOREIGN KEY (`dise_id`) REFERENCES `tb_diseases` (`id`) ON DELETE CASCADE ON UPDATE CASCADE
) ENGINE=InnoDB DEFAULT CHARSET=utf8;

--
-- Dumping data for table `ref_dise_dc`
--

/*!40000 ALTER TABLE `ref_dise_dc` DISABLE KEYS */;
INSERT INTO `ref_dise_dc` (`dise_id`,`dise_case_id`) VALUES
(6,2),
(7,1),
(7,2),
(8,2),
(10,3);
/*!40000 ALTER TABLE `ref_dise_dc` ENABLE KEYS */;


--
-- Definition of table `ref_instr_pic`
--

DROP TABLE IF EXISTS `ref_instr_pic`;
CREATE TABLE IF NOT EXISTS `ref_instr_pic` (
  `instr_id` int(11) NOT NULL,
  `pic_id` int(11) NOT NULL,
  PRIMARY KEY (`instr_id`,`pic_id`),
  KEY `IX_instr_id` (`instr_id`) USING HASH,
  KEY `IX_pic_id` (`pic_id`) USING HASH,
  CONSTRAINT `FK_ref_instr_pic_tb_instruments_instr_id` FOREIGN KEY (`instr_id`) REFERENCES `tb_instruments` (`id`) ON DELETE CASCADE ON UPDATE CASCADE,
  CONSTRAINT `FK_ref_instr_pic_tb_pics_pic_id` FOREIGN KEY (`pic_id`) REFERENCES `tb_pics` (`id`) ON DELETE CASCADE ON UPDATE CASCADE
) ENGINE=InnoDB DEFAULT CHARSET=utf8;

--
-- Dumping data for table `ref_instr_pic`
--

/*!40000 ALTER TABLE `ref_instr_pic` DISABLE KEYS */;
INSERT INTO `ref_instr_pic` (`instr_id`,`pic_id`) VALUES
(1,1),
(2,1),
(5,5),
(5,6);
/*!40000 ALTER TABLE `ref_instr_pic` ENABLE KEYS */;


--
-- Definition of table `ref_instr_text`
--

DROP TABLE IF EXISTS `ref_instr_text`;
CREATE TABLE IF NOT EXISTS `ref_instr_text` (
  `instr_id` int(11) NOT NULL,
  `text_id` int(11) NOT NULL,
  PRIMARY KEY (`instr_id`,`text_id`),
  KEY `IX_instr_id` (`instr_id`) USING HASH,
  KEY `IX_text_id` (`text_id`) USING HASH,
  CONSTRAINT `FK_ref_instr_text_tb_instruments_instr_id` FOREIGN KEY (`instr_id`) REFERENCES `tb_instruments` (`id`) ON DELETE CASCADE ON UPDATE CASCADE,
  CONSTRAINT `FK_ref_instr_text_tb_texts_text_id` FOREIGN KEY (`text_id`) REFERENCES `tb_texts` (`id`) ON DELETE CASCADE ON UPDATE CASCADE
) ENGINE=InnoDB DEFAULT CHARSET=utf8;

--
-- Dumping data for table `ref_instr_text`
--

/*!40000 ALTER TABLE `ref_instr_text` DISABLE KEYS */;
INSERT INTO `ref_instr_text` (`instr_id`,`text_id`) VALUES
(1,1),
(2,2),
(5,4);
/*!40000 ALTER TABLE `ref_instr_text` ENABLE KEYS */;


--
-- Definition of table `ref_instr_video`
--

DROP TABLE IF EXISTS `ref_instr_video`;
CREATE TABLE IF NOT EXISTS `ref_instr_video` (
  `instr_id` int(11) NOT NULL,
  `video_id` int(11) NOT NULL,
  PRIMARY KEY (`instr_id`,`video_id`),
  KEY `IX_instr_id` (`instr_id`) USING HASH,
  KEY `IX_video_id` (`video_id`) USING HASH,
  CONSTRAINT `FK_ref_instr_video_tb_instruments_instr_id` FOREIGN KEY (`instr_id`) REFERENCES `tb_instruments` (`id`) ON DELETE CASCADE ON UPDATE CASCADE,
  CONSTRAINT `FK_ref_instr_video_tb_videos_video_id` FOREIGN KEY (`video_id`) REFERENCES `tb_videos` (`id`) ON DELETE CASCADE ON UPDATE CASCADE
) ENGINE=InnoDB DEFAULT CHARSET=utf8;

--
-- Dumping data for table `ref_instr_video`
--

/*!40000 ALTER TABLE `ref_instr_video` DISABLE KEYS */;
INSERT INTO `ref_instr_video` (`instr_id`,`video_id`) VALUES
(5,4);
/*!40000 ALTER TABLE `ref_instr_video` ENABLE KEYS */;


--
-- Definition of table `ref_role_clinic`
--

DROP TABLE IF EXISTS `ref_role_clinic`;
CREATE TABLE IF NOT EXISTS `ref_role_clinic` (
  `role_id` int(11) NOT NULL,
  `clinic_id` int(11) NOT NULL,
  PRIMARY KEY (`role_id`,`clinic_id`),
  KEY `IX_role_id` (`role_id`) USING HASH,
  KEY `IX_clinic_id` (`clinic_id`) USING HASH,
  CONSTRAINT `FK_ref_role_clinic_tb_clinics_clinic_id` FOREIGN KEY (`clinic_id`) REFERENCES `tb_clinics` (`id`) ON DELETE CASCADE ON UPDATE CASCADE,
  CONSTRAINT `FK_ref_role_clinic_tb_roles_role_id` FOREIGN KEY (`role_id`) REFERENCES `tb_roles` (`id`) ON DELETE CASCADE ON UPDATE CASCADE
) ENGINE=InnoDB DEFAULT CHARSET=utf8;

--
-- Dumping data for table `ref_role_clinic`
--

/*!40000 ALTER TABLE `ref_role_clinic` DISABLE KEYS */;
INSERT INTO `ref_role_clinic` (`role_id`,`clinic_id`) VALUES
(1,1),
(1,2),
(2,1);
/*!40000 ALTER TABLE `ref_role_clinic` ENABLE KEYS */;


--
-- Definition of table `ref_rprec_pic`
--

DROP TABLE IF EXISTS `ref_rprec_pic`;
CREATE TABLE IF NOT EXISTS `ref_rprec_pic` (
  `role_id` int(11) NOT NULL,
  `clinic_id` int(11) NOT NULL,
  `pic_id` int(11) NOT NULL,
  PRIMARY KEY (`role_id`,`clinic_id`,`pic_id`),
  KEY `IX_role_id_clinic_id` (`role_id`,`clinic_id`) USING HASH,
  KEY `IX_pic_id` (`pic_id`) USING HASH,
  CONSTRAINT `FK_ref_rprec_pic_tb_pics_pic_id` FOREIGN KEY (`pic_id`) REFERENCES `tb_pics` (`id`) ON DELETE CASCADE ON UPDATE CASCADE,
  CONSTRAINT `FK_ref_rprec_pic_tb_role_play_records_role_id_clinic_id` FOREIGN KEY (`role_id`, `clinic_id`) REFERENCES `tb_role_play_records` (`role_id`, `clinic_id`) ON DELETE CASCADE ON UPDATE CASCADE
) ENGINE=InnoDB DEFAULT CHARSET=utf8;

--
-- Dumping data for table `ref_rprec_pic`
--

/*!40000 ALTER TABLE `ref_rprec_pic` DISABLE KEYS */;
INSERT INTO `ref_rprec_pic` (`role_id`,`clinic_id`,`pic_id`) VALUES
(1,1,1),
(2,1,2),
(3,1,2),
(1,2,11),
(1,2,12);
/*!40000 ALTER TABLE `ref_rprec_pic` ENABLE KEYS */;


--
-- Definition of table `ref_rprec_video`
--

DROP TABLE IF EXISTS `ref_rprec_video`;
CREATE TABLE IF NOT EXISTS `ref_rprec_video` (
  `role_id` int(11) NOT NULL,
  `clinic_id` int(11) NOT NULL,
  `video_id` int(11) NOT NULL,
  PRIMARY KEY (`role_id`,`clinic_id`,`video_id`),
  KEY `IX_role_id_clinic_id` (`role_id`,`clinic_id`) USING HASH,
  KEY `IX_video_id` (`video_id`) USING HASH,
  CONSTRAINT `FK_d86d2d076af44aa6b3bdb2c4d10165de` FOREIGN KEY (`role_id`, `clinic_id`) REFERENCES `tb_role_play_records` (`role_id`, `clinic_id`) ON DELETE CASCADE ON UPDATE CASCADE,
  CONSTRAINT `FK_ref_rprec_video_tb_videos_video_id` FOREIGN KEY (`video_id`) REFERENCES `tb_videos` (`id`) ON DELETE CASCADE ON UPDATE CASCADE
) ENGINE=InnoDB DEFAULT CHARSET=utf8;

--
-- Dumping data for table `ref_rprec_video`
--

/*!40000 ALTER TABLE `ref_rprec_video` DISABLE KEYS */;
INSERT INTO `ref_rprec_video` (`role_id`,`clinic_id`,`video_id`) VALUES
(1,1,1),
(2,1,1),
(3,1,2),
(1,2,7);
/*!40000 ALTER TABLE `ref_rprec_video` ENABLE KEYS */;


--
-- Definition of table `tb_analyses`
--

DROP TABLE IF EXISTS `tb_analyses`;
CREATE TABLE IF NOT EXISTS `tb_analyses` (
  `id` int(11) NOT NULL AUTO_INCREMENT,
  `name` varchar(45) NOT NULL,
  `amount` decimal(18,2) NOT NULL,
  PRIMARY KEY (`id`)
) ENGINE=InnoDB AUTO_INCREMENT=6 DEFAULT CHARSET=utf8;

--
-- Dumping data for table `tb_analyses`
--

/*!40000 ALTER TABLE `tb_analyses` DISABLE KEYS */;
INSERT INTO `tb_analyses` (`id`,`name`,`amount`) VALUES
(1,'验血',600.00),
(2,'验尿',800.00),
(3,'化验维生素',900.00),
(4,'CT',1600.00);
/*!40000 ALTER TABLE `tb_analyses` ENABLE KEYS */;


--
-- Definition of table `tb_charges`
--

DROP TABLE IF EXISTS `tb_charges`;
CREATE TABLE IF NOT EXISTS `tb_charges` (
  `id` int(11) NOT NULL AUTO_INCREMENT,
  `name` varchar(45) NOT NULL,
  `amount` decimal(18,2) NOT NULL,
  `desp` varchar(3000) DEFAULT NULL,
  PRIMARY KEY (`id`),
  KEY `IX_id` (`id`) USING HASH,
  CONSTRAINT `FK_tb_charges_tb_dise_case_id` FOREIGN KEY (`id`) REFERENCES `tb_dise_case` (`id`)
) ENGINE=InnoDB AUTO_INCREMENT=2 DEFAULT CHARSET=utf8;

--
-- Dumping data for table `tb_charges`
--

/*!40000 ALTER TABLE `tb_charges` DISABLE KEYS */;
INSERT INTO `tb_charges` (`id`,`name`,`amount`,`desp`) VALUES
(1,'小詹的狗病例总价',6666.00,'化验');
/*!40000 ALTER TABLE `tb_charges` ENABLE KEYS */;


--
-- Definition of table `tb_clinics`
--

DROP TABLE IF EXISTS `tb_clinics`;
CREATE TABLE IF NOT EXISTS `tb_clinics` (
  `id` int(11) NOT NULL AUTO_INCREMENT,
  `name` varchar(45) NOT NULL,
  `desp` varchar(3000) DEFAULT NULL,
  `pos_x` decimal(18,2) DEFAULT NULL,
  `pos_y` decimal(18,2) DEFAULT NULL,
  PRIMARY KEY (`id`)
) ENGINE=InnoDB AUTO_INCREMENT=5 DEFAULT CHARSET=utf8;

--
-- Dumping data for table `tb_clinics`
--

/*!40000 ALTER TABLE `tb_clinics` DISABLE KEYS */;
INSERT INTO `tb_clinics` (`id`,`name`,`desp`,`pos_x`,`pos_y`) VALUES
(1,'手术室','一把杀猪刀',20.00,40.00),
(2,'化验室','来了别想走',60.00,80.00),
(3,'前台','欢迎光临',50.00,66.00),
(4,'员工休息室','累了来这里吹吹牛皮',80.00,80.00);
/*!40000 ALTER TABLE `tb_clinics` ENABLE KEYS */;


--
-- Definition of table `tb_dise_case`
--

DROP TABLE IF EXISTS `tb_dise_case`;
CREATE TABLE IF NOT EXISTS `tb_dise_case` (
  `id` int(11) NOT NULL AUTO_INCREMENT,
  `name` varchar(45) NOT NULL,
  `desp` varchar(3000) DEFAULT NULL,
  PRIMARY KEY (`id`)
) ENGINE=InnoDB AUTO_INCREMENT=8 DEFAULT CHARSET=utf8;

--
-- Dumping data for table `tb_dise_case`
--

/*!40000 ALTER TABLE `tb_dise_case` DISABLE KEYS */;
INSERT INTO `tb_dise_case` (`id`,`name`,`desp`) VALUES
(1,'打脑袋病','脑袋被打了'),
(2,'小詹的狗病了','感冒'),
(3,'神医李震治小詹的狗','开刀'),
(6,'病例测试21','21'),
(7,'病例测试22','22');
/*!40000 ALTER TABLE `tb_dise_case` ENABLE KEYS */;


--
-- Definition of table `tb_dise_case_tab`
--

DROP TABLE IF EXISTS `tb_dise_case_tab`;
CREATE TABLE IF NOT EXISTS `tb_dise_case_tab` (
  `id` int(11) NOT NULL AUTO_INCREMENT,
  `index` longtext NOT NULL,
  `dise_case_id` int(11) NOT NULL,
  PRIMARY KEY (`id`),
  KEY `IX_dise_case_id` (`dise_case_id`) USING HASH,
  CONSTRAINT `FK_tb_dise_case_tab_tb_dise_case_dise_case_id` FOREIGN KEY (`dise_case_id`) REFERENCES `tb_dise_case` (`id`)
) ENGINE=InnoDB AUTO_INCREMENT=31 DEFAULT CHARSET=utf8;

--
-- Dumping data for table `tb_dise_case_tab`
--

/*!40000 ALTER TABLE `tb_dise_case_tab` DISABLE KEYS */;
INSERT INTO `tb_dise_case_tab` (`id`,`index`,`dise_case_id`) VALUES
(1,'1',2),
(2,'2',2),
(3,'3',2),
(4,'4',2),
(5,'5',2),
(6,'1',3),
(7,'2',3),
(8,'3',3),
(9,'4',3),
(10,'5',3),
(11,'1',1),
(12,'2',1),
(13,'3',1),
(14,'4',1),
(15,'5',1),
(26,'1',7),
(27,'2',7),
(28,'3',7),
(29,'4',7),
(30,'5',7);
/*!40000 ALTER TABLE `tb_dise_case_tab` ENABLE KEYS */;


--
-- Definition of table `tb_dise_type`
--

DROP TABLE IF EXISTS `tb_dise_type`;
CREATE TABLE IF NOT EXISTS `tb_dise_type` (
  `id` int(11) NOT NULL AUTO_INCREMENT,
  `name` varchar(45) NOT NULL,
  PRIMARY KEY (`id`)
) ENGINE=InnoDB AUTO_INCREMENT=11 DEFAULT CHARSET=utf8;

--
-- Dumping data for table `tb_dise_type`
--

/*!40000 ALTER TABLE `tb_dise_type` DISABLE KEYS */;
INSERT INTO `tb_dise_type` (`id`,`name`) VALUES
(1,'传染病'),
(2,'寄生虫病'),
(3,'内科病'),
(4,'外科病'),
(5,'常用手术'),
(6,'免疫'),
(10,'病例类型B');
/*!40000 ALTER TABLE `tb_dise_type` ENABLE KEYS */;


--
-- Definition of table `tb_diseases`
--

DROP TABLE IF EXISTS `tb_diseases`;
CREATE TABLE IF NOT EXISTS `tb_diseases` (
  `id` int(11) NOT NULL AUTO_INCREMENT,
  `name` varchar(45) NOT NULL,
  `dise_type_id` int(11) NOT NULL,
  PRIMARY KEY (`id`),
  KEY `IX_dise_type_id` (`dise_type_id`) USING HASH,
  CONSTRAINT `FK_tb_diseases_tb_dise_type_dise_type_id` FOREIGN KEY (`dise_type_id`) REFERENCES `tb_dise_type` (`id`)
) ENGINE=InnoDB AUTO_INCREMENT=16 DEFAULT CHARSET=utf8;

--
-- Dumping data for table `tb_diseases`
--

/*!40000 ALTER TABLE `tb_diseases` DISABLE KEYS */;
INSERT INTO `tb_diseases` (`id`,`name`,`dise_type_id`) VALUES
(1,'肥虫病',2),
(2,'钩虫病',2),
(3,'原虫病',2),
(4,'球虫病',2),
(5,'疥螨虫病',2),
(6,'蚤病',2),
(7,'口炎',3),
(8,'肠炎',3),
(9,'肠便秘',3),
(10,'肠肿瘤',5),
(15,'病例F',10);
/*!40000 ALTER TABLE `tb_diseases` ENABLE KEYS */;


--
-- Definition of table `tb_drugs`
--

DROP TABLE IF EXISTS `tb_drugs`;
CREATE TABLE IF NOT EXISTS `tb_drugs` (
  `id` int(11) NOT NULL AUTO_INCREMENT,
  `name` varchar(45) NOT NULL,
  `price` decimal(18,2) NOT NULL,
  PRIMARY KEY (`id`)
) ENGINE=InnoDB AUTO_INCREMENT=9 DEFAULT CHARSET=utf8;

--
-- Dumping data for table `tb_drugs`
--

/*!40000 ALTER TABLE `tb_drugs` DISABLE KEYS */;
INSERT INTO `tb_drugs` (`id`,`name`,`price`) VALUES
(1,'感冒药',500.00),
(2,'拉肚子药',800.00),
(3,'抗癌药',9000.00),
(4,'神医李震祖传秘方',1.00),
(5,'D22',10.00),
(6,'D52',20.00),
(7,'E11',5.00),
(8,'E25',6.00);
/*!40000 ALTER TABLE `tb_drugs` ENABLE KEYS */;


--
-- Definition of table `tb_instruments`
--

DROP TABLE IF EXISTS `tb_instruments`;
CREATE TABLE IF NOT EXISTS `tb_instruments` (
  `id` int(11) NOT NULL AUTO_INCREMENT,
  `name` varchar(45) NOT NULL,
  `desp` varchar(3000) DEFAULT NULL,
  `model_url` varchar(3000) DEFAULT NULL,
  PRIMARY KEY (`id`)
) ENGINE=InnoDB AUTO_INCREMENT=6 DEFAULT CHARSET=utf8;

--
-- Dumping data for table `tb_instruments`
--

/*!40000 ALTER TABLE `tb_instruments` DISABLE KEYS */;
INSERT INTO `tb_instruments` (`id`,`name`,`desp`,`model_url`) VALUES
(1,'手术刀','杀猪用的','777'),
(2,'杀猪刀','手术用的','66666'),
(3,'手术台','展示3D模型用的','999'),
(4,'垃圾桶','回收垃圾用的','666'),
(5,'xxx',NULL,'666');
/*!40000 ALTER TABLE `tb_instruments` ENABLE KEYS */;


--
-- Definition of table `tb_pics`
--

DROP TABLE IF EXISTS `tb_pics`;
CREATE TABLE IF NOT EXISTS `tb_pics` (
  `id` int(11) NOT NULL AUTO_INCREMENT,
  `name` varchar(45) NOT NULL,
  `url` varchar(3000) NOT NULL,
  `desp` varchar(3000) DEFAULT NULL,
  `clinic_id` int(11) DEFAULT NULL,
  PRIMARY KEY (`id`),
  KEY `IX_clinic_id` (`clinic_id`) USING HASH,
  CONSTRAINT `FK_tb_pics_tb_clinics_clinic_id` FOREIGN KEY (`clinic_id`) REFERENCES `tb_clinics` (`id`)
) ENGINE=InnoDB AUTO_INCREMENT=23 DEFAULT CHARSET=utf8;

--
-- Dumping data for table `tb_pics`
--

/*!40000 ALTER TABLE `tb_pics` DISABLE KEYS */;
INSERT INTO `tb_pics` (`id`,`name`,`url`,`desp`,`clinic_id`) VALUES
(1,'操作器械1','555','哈撒尅',NULL),
(2,'操作器械2','666','你见过我的小熊吗',NULL),
(4,'操作器械3','888','哈哈哈哈',NULL),
(5,'666','ssss','888',NULL),
(6,'gg','ggg','gggg',NULL),
(11,'图片测试1','ssss','888',NULL),
(12,'图片测试2','ggg','gggg',NULL);
/*!40000 ALTER TABLE `tb_pics` ENABLE KEYS */;


--
-- Definition of table `tb_role_play_records`
--

DROP TABLE IF EXISTS `tb_role_play_records`;
CREATE TABLE IF NOT EXISTS `tb_role_play_records` (
  `role_id` int(11) NOT NULL,
  `clinic_id` int(11) NOT NULL,
  `desp` varchar(3000) DEFAULT NULL,
  PRIMARY KEY (`role_id`,`clinic_id`),
  KEY `IX_role_id` (`role_id`) USING HASH,
  KEY `IX_clinic_id` (`clinic_id`) USING HASH,
  CONSTRAINT `FK_tb_role_play_records_tb_clinics_clinic_id` FOREIGN KEY (`clinic_id`) REFERENCES `tb_clinics` (`id`) ON DELETE CASCADE ON UPDATE CASCADE,
  CONSTRAINT `FK_tb_role_play_records_tb_roles_role_id` FOREIGN KEY (`role_id`) REFERENCES `tb_roles` (`id`) ON DELETE CASCADE ON UPDATE CASCADE
) ENGINE=InnoDB DEFAULT CHARSET=utf8;

--
-- Dumping data for table `tb_role_play_records`
--

/*!40000 ALTER TABLE `tb_role_play_records` DISABLE KEYS */;
INSERT INTO `tb_role_play_records` (`role_id`,`clinic_id`,`desp`) VALUES
(1,1,'前台来杀猪'),
(1,2,'xxx'),
(1,4,'休息室happy'),
(2,1,'医助干干苦差事'),
(3,1,'主任医师在旁边看');
/*!40000 ALTER TABLE `tb_role_play_records` ENABLE KEYS */;


--
-- Definition of table `tb_roles`
--

DROP TABLE IF EXISTS `tb_roles`;
CREATE TABLE IF NOT EXISTS `tb_roles` (
  `id` int(11) NOT NULL AUTO_INCREMENT,
  `name` varchar(45) NOT NULL,
  `desp` varchar(3000) DEFAULT NULL,
  `role_pic_url` varchar(3000) DEFAULT NULL,
  PRIMARY KEY (`id`)
) ENGINE=InnoDB AUTO_INCREMENT=4 DEFAULT CHARSET=utf8;

--
-- Dumping data for table `tb_roles`
--

/*!40000 ALTER TABLE `tb_roles` DISABLE KEYS */;
INSERT INTO `tb_roles` (`id`,`name`,`desp`,`role_pic_url`) VALUES
(1,'chaojiji','1234567','88886666'),
(2,'医助','助医为乐','1122'),
(3,'兽医','禽兽为乐','5555');
/*!40000 ALTER TABLE `tb_roles` ENABLE KEYS */;


--
-- Definition of table `tb_texts`
--

DROP TABLE IF EXISTS `tb_texts`;
CREATE TABLE IF NOT EXISTS `tb_texts` (
  `id` int(11) NOT NULL AUTO_INCREMENT,
  `name` varchar(45) NOT NULL,
  `content` varchar(3000) DEFAULT NULL,
  `clinic_id` int(11) DEFAULT NULL,
  PRIMARY KEY (`id`),
  KEY `IX_clinic_id` (`clinic_id`) USING HASH,
  CONSTRAINT `FK_tb_texts_tb_clinics_clinic_id` FOREIGN KEY (`clinic_id`) REFERENCES `tb_clinics` (`id`)
) ENGINE=InnoDB AUTO_INCREMENT=17 DEFAULT CHARSET=utf8;

--
-- Dumping data for table `tb_texts`
--

/*!40000 ALTER TABLE `tb_texts` DISABLE KEYS */;
INSERT INTO `tb_texts` (`id`,`name`,`content`,`clinic_id`) VALUES
(1,'手术刀描述','很好的一把杀猪刀',1),
(2,'手术刀描述2','很好的一把手术刀',2),
(3,'小詹的狗描述','unhappy always',NULL),
(4,'555','666',NULL);
/*!40000 ALTER TABLE `tb_texts` ENABLE KEYS */;


--
-- Definition of table `tb_users`
--

DROP TABLE IF EXISTS `tb_users`;
CREATE TABLE IF NOT EXISTS `tb_users` (
  `id` int(11) NOT NULL AUTO_INCREMENT COMMENT 'Auto-incremented ID.',
  `name` varchar(45) NOT NULL,
  `password` varchar(60) NOT NULL,
  `authority` int(11) NOT NULL DEFAULT '0' COMMENT '0: User\n1: Admin',
  `is_to_remember` tinyint(1) NOT NULL DEFAULT '0',
  PRIMARY KEY (`id`)
) ENGINE=InnoDB AUTO_INCREMENT=7 DEFAULT CHARSET=gb2312;

--
-- Dumping data for table `tb_users`
--

/*!40000 ALTER TABLE `tb_users` DISABLE KEYS */;
INSERT INTO `tb_users` (`id`,`name`,`password`,`authority`,`is_to_remember`) VALUES
(1,'happy','4c1b52409cf6be3896cf163fa17b32e4da293f2e',0,0),
(2,'jubilant','4170ac2a2782a1516fe9e13d7322ae482c1bd594',1,0),
(3,'chaojiji','20eabe5d64b0e216796e834f52d61fd0b70332fc',0,0),
(4,'veryhappy','1411678a0b9e25ee2f7c8b2f7ac92b6a74b3f9c5',1,0),
(5,'哈哈','20eabe5d64b0e216796e834f52d61fd0b70332fc',0,0);
/*!40000 ALTER TABLE `tb_users` ENABLE KEYS */;


--
-- Definition of table `tb_videos`
--

DROP TABLE IF EXISTS `tb_videos`;
CREATE TABLE IF NOT EXISTS `tb_videos` (
  `id` int(11) NOT NULL AUTO_INCREMENT,
  `name` varchar(45) NOT NULL,
  `url` varchar(3000) DEFAULT NULL,
  `desp` varchar(3000) DEFAULT NULL,
  `clinic_id` int(11) DEFAULT NULL,
  PRIMARY KEY (`id`),
  KEY `IX_clinic_id` (`clinic_id`) USING HASH,
  CONSTRAINT `FK_tb_videos_tb_clinics_clinic_id` FOREIGN KEY (`clinic_id`) REFERENCES `tb_clinics` (`id`)
) ENGINE=InnoDB AUTO_INCREMENT=18 DEFAULT CHARSET=utf8;

--
-- Dumping data for table `tb_videos`
--

/*!40000 ALTER TABLE `tb_videos` DISABLE KEYS */;
INSERT INTO `tb_videos` (`id`,`name`,`url`,`desp`,`clinic_id`) VALUES
(1,'手术刀视频','555','残忍的猪',1),
(2,'手术刀视频2','666','残忍的小熊',2),
(3,'神医李震开刀视频','6','残忍的李震',1),
(4,'777','bbb','999',NULL),
(7,'视频测试1','bbb','999',NULL);
/*!40000 ALTER TABLE `tb_videos` ENABLE KEYS */;


/*!40103 SET TIME_ZONE=@OLD_TIME_ZONE */;
/*!40101 SET SQL_MODE=@OLD_SQL_MODE */;
/*!40014 SET FOREIGN_KEY_CHECKS=@OLD_FOREIGN_KEY_CHECKS */;
/*!40014 SET UNIQUE_CHECKS=@OLD_UNIQUE_CHECKS */;
/*!40101 SET CHARACTER_SET_CLIENT=@OLD_CHARACTER_SET_CLIENT */;
/*!40101 SET CHARACTER_SET_RESULTS=@OLD_CHARACTER_SET_RESULTS */;
/*!40101 SET COLLATION_CONNECTION=@OLD_COLLATION_CONNECTION */;
/*!40111 SET SQL_NOTES=@OLD_SQL_NOTES */;
